Tx Location x,Tx Location y,Tx Location z,Rx Location x,Rx Location y,Rx Location z,Jammer Location x,Jammer Location y,Jammer Location z (m),Tx - Rx Distance (m),J - Rx Distance (m),J - Tx Distance (m),Signal Power Before (V),Signal Power After (V),SNR Before (dB),SNR After (dB)
100,0,0,0,0,0,0,-50,0,100,50,111.803398874989,0.0181316478972536,0.0181280714490902,17.4762170106776,28.3976583851926
100,0,0,0,0,0,20,-50,0,100,53.851648071345,94.339811320566,0.0182087012228837,0.0182241723729275,18.3420391206698,28.6994855125908
100,0,0,0,0,0,40,-50,0,100,64.0312423743285,78.1024967590665,0.0180626223772065,0.0180451474460601,19.3513012997161,28.0582805184993
100,0,0,0,0,0,60,-50,0,100,78.1024967590665,64.0312423743285,0.0180681123550088,0.0180824532367934,19.821082975998,27.582364012739
100,0,0,0,0,0,80,-50,0,100,94.339811320566,53.851648071345,0.0181774320268279,0.0181240970995658,21.5130766629553,27.1695153012613
100,0,0,0,0,0,100,-50,0,100,111.803398874989,50,0.0180687182484588,0.0180899524143485,20.2586768908573,26.6069062190409
