Tx Location x,Tx Location y,Tx Location z,Rx Location x,Rx Location y,Rx Location z,Jammer Location x,Jammer Location y,Jammer Location z (m),Tx - Rx Distance (m),J - Rx Distance (m),J - Tx Distance (m),Signal Power Before (V),Signal Power After (V),SNR Before (dB),SNR After (dB)
100,0,0,0,0,0,0,50,0,100,50,111.803398874989,0.0180721338922496,0.0180581972113671,17.1383358245092,28.7010779724686
100,0,0,0,0,0,20,50,0,100,53.851648071345,94.339811320566,0.0180843917028865,0.0180880221841136,17.6682055546046,28.5380568163595
100,0,0,0,0,0,40,50,0,100,64.0312423743285,78.1024967590665,0.0181588823977161,0.0181519637073495,19.4799604586704,27.9924696960233
100,0,0,0,0,0,60,50,0,100,78.1024967590665,64.0312423743285,0.0180995028981429,0.0181240143279799,19.2650203768831,27.5445377030248
100,0,0,0,0,0,80,50,0,100,94.339811320566,53.851648071345,0.0181276304976848,0.0180557298126648,20.3842582545066,27.1109018834677
100,0,0,0,0,0,100,50,0,100,111.803398874989,50,0.0181116674613781,0.0182857518972804,21.1335963881282,26.6811425271809
